{"cameraMode":{"drawMode":0,"name":"Shaded","section":"Shading Mode"},"sceneLighting":true,"audioPlay":false,"sceneViewState":{"showFog":true,"showMaterialUpdate":false,"showSkybox":true,"showFlares":true,"showImageEffects":true,"showParticleSystems":true},"in2DMode":false,"pivot":{"x":14.66282844543457,"y":6.996648788452148,"z":0.23971879482269288},"rotation":{"x":0.2813437283039093,"y":-0.3430912494659424,"z":0.10850705951452255,"w":0.8895843625068665},"size":11.938050270080567,"orthographic":false}