{"cameraMode":{"drawMode":0,"name":"Shaded","section":"Shading Mode"},"sceneLighting":false,"audioPlay":false,"sceneViewState":{"showFog":true,"showMaterialUpdate":false,"showSkybox":true,"showFlares":true,"showImageEffects":true,"showParticleSystems":true},"in2DMode":false,"pivot":{"x":5.079999923706055,"y":1.1499998569488526,"z":0.0},"rotation":{"x":0.12164948880672455,"y":-0.3289235830307007,"z":0.042771559208631518,"w":0.9355112910270691},"size":9.450913429260254,"orthographic":false}